-- Insert data into location table
insert into location (lid, state, city) values ('1', 'CA', 'Los Angeles');
insert into location (lid, state, city) values ('2', 'NY', 'New York City');
insert into location (lid, state, city) values ('3', 'FL', 'Miami');
insert into location (lid, state, city) values ('4', 'WA', 'Seattle');
insert into location (lid, state, city) values ('5', 'TX', 'Dallas');


-- Insert data into user_cred table
insert into user_cred (username, password, email) values ('user1', 'password1', 'user1@gmail.com');
insert into user_cred (username, password, email) values ('user2', 'password2', 'user2@gmail.com');
insert into user_cred (username, password, email) values ('user3', 'password3', 'user3@gmail.com');
insert into user_cred (username, password, email) values ('user4', 'password4', 'user4@gmail.com');
insert into user_cred (username, password, email) values ('user5', 'password5', 'user5@gmail.com');
insert into user_cred (username, password, email) values ('user6', 'password6', 'user6@gmail.com');
insert into user_cred (username, password, email) values ('user7', 'password7', 'user7@gmail.com');
insert into user_cred (username, password, email) values ('user8', 'password8', 'user8@gmail.com');
insert into user_cred (username, password, email) values ('user9', 'password9', 'user9@gmail.com');
insert into user_cred (username, password, email) values ('user10', 'password10', 'user10@gmail.com');
insert into user_cred (username, password, email) values ('user11', 'password11', 'user11@gmail.com');
insert into user_cred (username, password, email) values ('user12', 'password12', 'user12@gmail.com');
insert into user_cred (username, password, email) values ('user13', 'password13', 'user13@gmail.com');
insert into user_cred (username, password, email) values ('user14', 'password14', 'user14@gmail.com');
insert into user_cred (username, password, email) values ('user15', 'password15', 'user15@gmail.com');
insert into user_cred (username, password, email) values ('user16', 'password16', 'user16@gmail.com');
insert into user_cred (username, password, email) values ('user17', 'password17', 'user17@gmail.com');
insert into user_cred (username, password, email) values ('user18', 'password18', 'user18@gmail.com');
insert into user_cred (username, password, email) values ('user19', 'password19', 'user19@gmail.com');
insert into user_cred (username, password, email) values ('user20', 'password20', 'user20@gmail.com');

-- Insert data into customer table
insert into customer (username, lid, fName, lName) values ('user1','1' ,'John', 'Doe');
insert into customer (username, lid,fName, lName) values ('user2', '2', 'Jane', 'Smith');
insert into customer (username, lid,fName, lName) values ('user3', '3','Alice', 'Johnson');
insert into customer (username, lid,fName, lName) values ('user4', '4','Bob', 'Brown');
insert into customer (username, lid,fName, lName) values ('user5', '5','Charlie', 'Davis');
insert into customer (username, lid,fName, lName) values ('user6', '1','David', 'Wilson');
insert into customer (username, lid,fName, lName) values ('user7', '2','Eve', 'Moore');
insert into customer (username, lid,fName, lName) values ('user8', '3','Frank', 'Taylor');
insert into customer (username, lid,fName, lName) values ('user9', '4','Grace', 'Anderson');
insert into customer (username, lid,fName, lName) values ('user10','5', 'Hank', 'Thomas');
insert into customer (username, lid,fName, lName) values ('user11', '1','Ivy', 'Jackson');
insert into customer (username, lid,fName, lName) values ('user12', '2','Jack', 'White');
insert into customer (username, lid,fName, lName) values ('user13', '3','Kathy', 'Harris');
insert into customer (username, lid,fName, lName) values ('user14', '4','Leo', 'Martin');
insert into customer (username, lid,fName, lName) values ('user15', '5','Mona', 'Thompson');
insert into customer (username, lid,fName, lName) values ('user16', '1','Nina', 'Garcia');
insert into customer (username, lid,fName, lName) values ('user17', '2','Oscar', 'Martinez');
insert into customer (username, lid,fName, lName) values ('user18', '3','Paul', 'Robinson');
insert into customer (username, lid,fName, lName) values ('user19', '4','Quinn', 'Clark');
insert into customer (username, lid,fName, lName) values ('user20', '5','Rita', 'Rodriguez');